Input file,K,Motif,E Value,Time,Objective Function
hm03.fasta,8,TCACCAAA,4.90E-01,0.18,cd
hm03.fasta,9,ATTTTCCTC,1.40E-01,0.09,cd
hm03.fasta,10,TCC?CCAAAG,1.30E+00,0.07,cd
hm03.fasta,11,AATAAACATTT,5.00E-01,0.07,cd
hm03.fasta,12,CTTTTTACT?CA,7.60E-02,0.08,cd
hm03.fasta,13,TTTTCATCTTCAT,5.90E-01,0.07,cd
hm03.fasta,14,TTTTCCTCTTCATC,3.50E-01,0.08,cd
hm03.fasta,15,TTTTTCCTCTTCATC,3.50E-01,0.08,cd
yst04r.fasta,8,CTGTAGCC,2.60E-01,0.04,cd
yst04r.fasta,9,CTGC?TCAT,8.50E-02,0.03,cd
yst04r.fasta,10,GTGGCGGAGG,3.20E-01,0.04,cd
yst04r.fasta,11,TGA?TCATTG?,1.20E-01,0.03,cd
yst04r.fasta,12,CATTTA?ACTGT,2.40E-01,0.03,cd
yst04r.fasta,13,GAACTACACTGC?,2.30E-01,0.03,cd
yst04r.fasta,14,G?ATT?A?ACTGTT,7.20E-01,0.03,cd
yst04r.fasta,15,CTACGTTACC?TGAT,5.20E-02,0.04,cd
yst08r.fasta,8,ACC?ACGC,8.40E-01,0.05,cd
yst08r.fasta,9,CTTCCGCCC,7.20E-01,0.05,cd
yst08r.fasta,10,AAAAAAGGAG,2.40E-01,0.06,cd
yst08r.fasta,11,ACACCCATGCA,4.60E-01,0.05,cd
yst08r.fasta,12,T?AAAGATTACG,4.60E-01,0.05,cd
yst08r.fasta,13,CGGGTTATCTTC?,2.80E-01,0.05,cd
yst08r.fasta,14,AAGGGTT?T?TACT,1.30E+00,0.05,cd
yst08r.fasta,15,TT?GGCCGCTAATCG,5.20E-01,0.06,cd
hm03.fasta,8,YCACCAAA,4.90E-01,0.09,cd
yst04r.fasta,8,CTGTRGSS,2.60E-01,0.03,cd
yst08r.fasta,8,ACCBACGC,8.40E-01,0.04,cd
hm03.fasta,9,ATTTTCCTC,1.40E-01,0.08,cd
yst04r.fasta,9,CWGCHTCAT,8.50E-02,0.03,cd
yst08r.fasta,9,CTTCCGCSS,7.20E-01,0.04,cd
hm03.fasta,10,WCCHMCAAAG,1.30E+00,0.07,cd
yst04r.fasta,10,GTRRSGKAGR,3.20E-01,0.03,cd
yst08r.fasta,10,AAARMMGKAR,2.40E-01,0.04,cd
hm03.fasta,11,WMTAMACMTTT,5.00E-01,0.06,cd
yst04r.fasta,11,TGABTSATTGH,1.20E-01,0.03,cd
yst08r.fasta,11,WMACCYMTGCR,4.60E-01,0.05,cd
hm03.fasta,12,CTTTTTMMYVYA,7.60E-02,0.08,cd
yst04r.fasta,12,SMWTKAVACTGY,2.40E-01,0.02,cd
yst08r.fasta,12,KDAAAGATTACG,4.60E-01,0.06,cd
hm03.fasta,13,TTTTCMTCTYCAW,5.90E-01,0.07,cd
yst04r.fasta,13,SAWYTAMACTGCV,2.30E-01,0.03,cd
yst08r.fasta,13,CGGGYWWTCTWCH,2.80E-01,0.08,cd
hm03.fasta,14,TWTTCCTCWYCMKC,3.50E-01,0.06,cd
yst04r.fasta,14,GNATTDADACTGTT,7.20E-01,0.03,cd
yst08r.fasta,14,RMGGGTTHTHTACT,1.30E+00,0.04,cd
hm03.fasta,15,WTWTTCCTCWYCMKC,3.50E-01,0.07,cd
yst04r.fasta,15,CTACRTWRCYVTSAT,5.20E-02,0.03,cd
yst08r.fasta,15,YTHGGCSGCTWATCK,5.20E-01,0.04,cd
hm03.fasta,8,AAATATTT,2.90E-01,0.34,de
hm03.fasta,9,AAAAAAAAA,1.00E+00,0.34,de
hm03.fasta,10,AAAAAAAAAA,1.00E+00,0.35,de
hm03.fasta,11,GAAAAAAAAAT,8.90E-01,0.34,de
hm03.fasta,12,AAAAAAAATAAA,1.10E-01,0.33,de
hm03.fasta,13,AAAAAAAAAAAAA,5.00E-01,0.34,de
hm03.fasta,14,GGTATTATTAAA?C,7.10E-01,0.41,de
hm03.fasta,15,GAAAAAAAAATAAAT,8.90E-01,0.32,de
yst04r.fasta,8,ATGTTGGT,4.00E-01,0.08,de
yst04r.fasta,9,CAAGAATAA,6.70E-01,0.08,de
yst04r.fasta,10,CCAAGAATA?,1.00E+00,0.09,de
yst04r.fasta,11,AGAAGAAGTGA,6.70E-02,0.08,de
yst04r.fasta,12,AAGAAGAAGTGA,6.70E-02,0.07,de
yst04r.fasta,13,AAGAAGAAGTGAA,6.70E-02,0.08,de
yst04r.fasta,14,AAAGAAGAAGTGAA,6.70E-02,0.09,de
yst04r.fasta,15,GAGAAAGAAGTTAAT,6.70E-02,0.09,de
yst08r.fasta,8,GGCACGTG,4.00E-01,0.18,de
yst08r.fasta,9,AAAAAAAAA,4.00E-01,0.18,de
yst08r.fasta,10,CAAGGAAGAA,8.30E-02,0.34,de
yst08r.fasta,11,GGCA?GGG?GA,7.70E-01,0.19,de
yst08r.fasta,12,CTTCCTCTTTT?,8.30E-02,0.16,de
yst08r.fasta,13,TTGTGAGGGAGAC,6.00E-01,0.16,de
yst08r.fasta,14,AATAAACACATACA,7.70E-01,0.19,de
yst08r.fasta,15,CAAAAAA?AAAAAGC,2.30E-01,0.22,de
hm03.fasta,8,AAATWTTT,2.90E-01,0.31,de
yst04r.fasta,8,AKGKTGGT,4.00E-01,0.07,de
yst08r.fasta,8,GGCAYGTG,4.00E-01,0.18,de
hm03.fasta,9,AAAAAAAAA,1.00E+00,0.31,de
yst04r.fasta,9,CAAGWATRA,6.70E-01,0.06,de
yst08r.fasta,9,AAAAARAAA,4.00E-01,0.16,de
hm03.fasta,10,WAAAAAAAAA,1.00E+00,0.3,de
yst04r.fasta,10,CCAAGMATAH,1.00E+00,0.07,de
yst08r.fasta,10,SAAGGAAGAA,8.30E-02,0.15,de
hm03.fasta,11,GMAAAAAWAAT,8.90E-01,0.33,de
yst04r.fasta,11,RRAAGARGKGA,6.70E-02,0.09,de
yst08r.fasta,11,GGCAHGKGVSA,7.70E-01,0.18,de
hm03.fasta,12,AAAAWAAAWMAA,1.10E-01,0.31,de
yst04r.fasta,12,ARRAAGRRGKGA,6.70E-02,0.08,de
yst08r.fasta,12,CTKCCTCKWTTB,8.30E-02,0.19,de
hm03.fasta,13,AAARAWAAAWMAA,5.00E-01,0.29,de
yst04r.fasta,13,ARGAAGRRGKGAA,6.70E-02,0.07,de
yst08r.fasta,13,YYGTSARGGWGMC,6.00E-01,0.17,de
hm03.fasta,14,GGWATTAYKAAABC,7.10E-01,0.31,de
yst04r.fasta,14,AARGAAGRRGKGAA,6.70E-02,0.07,de
yst08r.fasta,14,AAWAAACAMAYMCA,7.70E-01,0.14,de
hm03.fasta,15,GMAARAAAAATRAAT,8.90E-01,0.29,de
yst04r.fasta,15,SARRAAGARGKKARY,6.70E-02,0.07,de
yst08r.fasta,15,CAARAAADAAAWARC,2.30E-01,0.25,de
=======,,,,,
>>>>>>> dfd224fb9784d0da22a6be3537192a541d5c940c,,,,,
