Input file,K,Motif,Score,Time,Objective Function
hm03.fasta,10,AAAATGGTAT,4.8e-007,	0.29,cd
yst04r.fasta,10,GGTGGAAGAA,1.1e-005,	0.28,cd
yst08r.fasta,10,ATACTTTTCA,1.0e-007,	0.27,cd
hm03.fasta,10,AAAACAAAGC,6.0e-005,	0.41,de
yst04r.fasta,10,AGAAAAGAAA,2.9e-004,	0.31,de
yst08r.fasta,10,AGGAAGAAAA,1.7e-005,	0.52,de
hm03.fasta,11,AAAATAAACAT,9.4e-008,	0.29,cd
yst04r.fasta,11,GAAAAAGGRAA,1.0e-005,	0.34,cd
yst08r.fasta,11,CTTCCAGTTTT,1.9e-008,	0.27,cd
hm03.fasta,11,AACAAAATCTT,3.6e-004,	0.43,de
yst04r.fasta,11,AGAAAAGAAAA,2.9e-004,	0.43,de
yst08r.fasta,11,GAAAAGAAAAA,1.4e-006,	0.44,de
hm03.fasta,12,GACATTTGACAA,1.0e-007,	0.46,cd
yst04r.fasta,12,GAAGAAAAAART,2.3e-006,	0.24,cd
yst08r.fasta,12,GAAGAAAAAAAT,2.2e-008,	0.33,cd
hm03.fasta,12,AAACAAAGYGAA,5.4e-006,	0.47,de
yst04r.fasta,12,AGAAAAGAAAAA,2.3e-003,	0.52,de
yst08r.fasta,12,AAAAAAAAAAAT,1.7e-005,	0.59,de
hm03.fasta,13,AGGCAAAAAAAAA,2.2e-006,	0.36,cd
yst04r.fasta,13,AGAAAAGAAAAAW,5.0e-005,	0.28,cd
yst08r.fasta,13,GAAGAAAAAAATA,8.1e-008,	0.46,cd
hm03.fasta,13,AAAACAAAGCGAA,6.0e-005,	0.52,de
yst04r.fasta,13,AGAAAAGAAAAAA,2.9e-004,	0.34,de
yst08r.fasta,13,AAAAAAAAAAATA,1.7e-005,	0.51,de
hm03.fasta,14,AAAAAAAAGTGAAA,2.3e-006,	0.40,cd
yst04r.fasta,14,GAAAAGAAAAAAAA,1.1e-005,	0.35,cd
yst08r.fasta,14,GGAAAAAAAAAAAD,2.2e-008,	0.41,cd
hm03.fasta,14,GAATGAAAAMAAAA,6.0e-005,	0.71,de
yst04r.fasta,14,ARAAAARAAAAATA,2.9e-004,	0.39,de
yst08r.fasta,14,AAAAAAAAAAATAG,1.4e-006,	0.64,de
hm03.fasta,15,AAACTAAGGCAAARA,4.5e-007,	0.41,cd
yst04r.fasta,15,GAAAAGAAAAAAAAA,2.6e-005,	0.34,cd
yst08r.fasta,15,GGAAAAWAAAAAATA,9.1e-008,	0.42,cd
hm03.fasta,15,GAATGAAAAAAAAAT,3.6e-004,	0.53,de
yst04r.fasta,15,AGAAAAGAAAAAAAA,2.9e-004,	0.39,de
yst08r.fasta,15,AAAAAAAAAAATAGN,1.4e-006,	0.50,de
hm03.fasta,8,GAGGAAAC,1.2e-007,	0.22,cd
yst04r.fasta,8,GCAATCAC,8.2e-006,	0.15,cd
yst08r.fasta,8,GCACCCAC,8.7e-008,	0.28,cd
hm03.fasta,8,AAACAAAG,6.0e-005,	0.34,de
yst04r.fasta,8,AATTAATT,2.9e-004,	0.22,de
yst08r.fasta,8,GTAAATAA,1.7e-005,	0.26,de
hm03.fasta,9,TATAGTGAA,2.0e-007,	0.23,cd
yst04r.fasta,9,CGTCAGGGA,2.1e-006,	0.21,cd
yst08r.fasta,9,AGCTTCCAC,5.0e-008,	0.24,cd
hm03.fasta,9,AGGAATAGG,6.0e-005,	0.49,de
yst04r.fasta,10,WRATTAATYW,2.9e-004,	0.25,de
yst08r.fasta,9,GATGTTATG,1.7e-005,	0.31,de
